Albania,Greece,Tirana,Athens,501
Albania,Kosovo,Tirana,Prishtina,186
Albania,Montenegro,Tirana,Podgorica,132
Albania,North Macedonia,Tirana,Skopje,153
Andorra,France,Andorra la Vella,Paris,709
Andorra,Spain,Andorra la Vella,Madrid,493
Armenia,Azerbaijan,Yerevan,Baku,452
Armenia,Georgia,Yerevan,Tbilisi,170
Armenia,Turkey,Yerevan,Ankara,992
Austria,Czech Republic,Vienna,Prague,253
Austria,Germany,Vienna,Berlin,524
Austria,Hungary,Vienna,Budapest,214
Austria,Italy,Vienna,Rome,765
Austria,Liechtenstein,Vienna,Vaduz,526
Austria,Slovakia,Vienna,Bratislava,55
Austria,Slovenia,Vienna,Ljubljana,278
Austria,Switzerland,Vienna,Bern,684
Azerbaijan,Armenia,Baku,Yerevan,452
Azerbaijan,Georgia,Baku,Tbilisi,447
Azerbaijan,Russia,Baku,Moscow,1930
Azerbaijan,Turkey,Baku,Ankara,1442
Belarus,Latvia,Minsk,Riga,403
Belarus,Lithuania,Minsk,Vilnius,171
Belarus,Poland,Minsk,Warsaw,474
Belarus,Russia,Minsk,Moscow,677
Belarus,Ukraine,Minsk,Kyiv,434
Belgium,France,Brussels,Paris,264
Belgium,Germany,Brussels,Berlin,649
Belgium,Luxembourg,Brussels,Luxembourg City,187
Belgium,Netherlands,Brussels,Amsterdam,174
Bosnia and Herzegovina,Croatia,Sarajevo,Zagreb,291
Bosnia and Herzegovina,Montenegro,Sarajevo,Podgorica,172
Bosnia and Herzegovina,Serbia,Sarajevo,Belgrade,193
Bulgaria,Greece,Sofia,Athens,526
Bulgaria,North Macedonia,Sofia,Skopje,174
Bulgaria,Romania,Sofia,Bucharest,296
Bulgaria,Serbia,Sofia,Belgrade,329
Bulgaria,Turkey,Sofia,Ankara,853
Croatia,Bosnia and Herzegovina,Zagreb,Sarajevo,291
Croatia,Hungary,Zagreb,Budapest,300
Croatia,Montenegro,Zagreb,Podgorica,457
Croatia,Serbia,Zagreb,Belgrade,368
Croatia,Slovenia,Zagreb,Ljubljana,117
Czech Republic,Austria,Prague,Vienna,253
Czech Republic,Germany,Prague,Berlin,280
Czech Republic,Poland,Prague,Warsaw,517
Czech Republic,Slovakia,Prague,Bratislava,291
Denmark,Germany,Copenhagen,Berlin,355
Denmark,Sweden,Copenhagen,Stockholm,522
Estonia,Latvia,Tallinn,Riga,279
Estonia,Russia,Tallinn,Moscow,868
Finland,Norway,Helsinki,Oslo,788
Finland,Russia,Helsinki,Moscow,892
Finland,Sweden,Helsinki,Stockholm,397
France,Andorra,Paris,Andorra la Vella,709
France,Belgium,Paris,Brussels,264
France,Germany,Paris,Berlin,876
France,Italy,Paris,Rome,1105
France,Luxembourg,Paris,Luxembourg City,287
France,Monaco,Paris,Monaco,690
France,Spain,Paris,Madrid,1052
France,Switzerland,Paris,Bern,435
France,United Kingdom,Paris,London,344
Georgia,Armenia,Tbilisi,Yerevan,170
Georgia,Azerbaijan,Tbilisi,Baku,447
Georgia,Russia,Tbilisi,Moscow,1648
Georgia,Turkey,Tbilisi,Ankara,1024
Germany,Austria,Berlin,Vienna,524
Germany,Belgium,Berlin,Brussels,649
Germany,Czech Republic,Berlin,Prague,280
Germany,Denmark,Berlin,Copenhagen,355
Germany,France,Berlin,Paris,876
Germany,Luxembourg,Berlin,Luxembourg City,600
Germany,Netherlands,Berlin,Amsterdam,575
Germany,Poland,Berlin,Warsaw,519
Germany,Switzerland,Berlin,Bern,751
Greece,Albania,Athens,Tirana,501
Greece,Bulgaria,Athens,Sofia,526
Greece,North Macedonia,Athens,Skopje,488
Greece,Turkey,Athens,Ankara,817
Hungary,Austria,Budapest,Vienna,214
Hungary,Croatia,Budapest,Zagreb,300
Hungary,Romania,Budapest,Bucharest,643
Hungary,Serbia,Budapest,Belgrade,318
Hungary,Slovakia,Budapest,Bratislava,161
Hungary,Slovenia,Budapest,Ljubljana,381
Hungary,Ukraine,Budapest,Kyiv,899
Ireland,United Kingdom,Dublin,London,463
Italy,Austria,Rome,Vienna,765
Italy,France,Rome,Paris,1105
Italy,San Marino,Rome,San Marino,227
Italy,Slovenia,Rome,Ljubljana,489
Italy,Switzerland,Rome,Bern,689
Italy,Vatican City,Rome,Vatican City,2
Kosovo,Albania,Prishtina,Tirana,186
Kosovo,Montenegro,Prishtina,Podgorica,158
Kosovo,North Macedonia,Prishtina,Skopje,77
Kosovo,Serbia,Prishtina,Belgrade,246
Latvia,Belarus,Riga,Minsk,403
Latvia,Estonia,Riga,Tallinn,279
Latvia,Lithuania,Riga,Vilnius,262
Latvia,Russia,Riga,Moscow,841
Liechtenstein,Austria,Vaduz,Vienna,526
Liechtenstein,Switzerland,Vaduz,Bern,159
Lithuania,Belarus,Vilnius,Minsk,171
Lithuania,Latvia,Vilnius,Riga,262
Lithuania,Poland,Vilnius,Warsaw,393
Lithuania,Russia,Vilnius,Moscow,790
Luxembourg,Belgium,Luxembourg City,Brussels,187
Luxembourg,France,Luxembourg City,Paris,287
Luxembourg,Germany,Luxembourg City,Berlin,600
Moldova,Romania,Chisinau,Bucharest,357
Moldova,Ukraine,Chisinau,Kyiv,401
Monaco,France,Monaco,Paris,690
Montenegro,Albania,Podgorica,Tirana,132
Montenegro,Bosnia and Herzegovina,Podgorica,Sarajevo,172
Montenegro,Croatia,Podgorica,Zagreb,457
Montenegro,Kosovo,Podgorica,Prishtina,158
Montenegro,Serbia,Podgorica,Belgrade,281
Netherlands,Belgium,Amsterdam,Brussels,174
Netherlands,Germany,Amsterdam,Berlin,575
North Macedonia,Albania,Skopje,Tirana,153
North Macedonia,Bulgaria,Skopje,Sofia,174
North Macedonia,Greece,Skopje,Athens,488
North Macedonia,Kosovo,Skopje,Prishtina,77
North Macedonia,Serbia,Skopje,Belgrade,323
Norway,Finland,Oslo,Helsinki,788
Norway,Russia,Oslo,Moscow,1644
Norway,Sweden,Oslo,Stockholm,417
Poland,Belarus,Warsaw,Minsk,474
Poland,Czech Republic,Warsaw,Prague,517
Poland,Germany,Warsaw,Berlin,519
Poland,Lithuania,Warsaw,Vilnius,393
Poland,Russia,Warsaw,Moscow,1151
Poland,Slovakia,Warsaw,Bratislava,532
Poland,Ukraine,Warsaw,Kyiv,690
Portugal,Spain,Lisbon,Madrid,503
Romania,Bulgaria,Bucharest,Sofia,296
Romania,Hungary,Bucharest,Budapest,643
Romania,Moldova,Bucharest,Chisinau,357
Romania,Serbia,Bucharest,Belgrade,448
Romania,Ukraine,Bucharest,Kyiv,747
Russia,Azerbaijan,Moscow,Baku,1930
Russia,Belarus,Moscow,Minsk,677
Russia,Estonia,Moscow,Tallinn,868
Russia,Finland,Moscow,Helsinki,892
Russia,Georgia,Moscow,Tbilisi,1648
Russia,Latvia,Moscow,Riga,841
Russia,Lithuania,Moscow,Vilnius,790
Russia,Norway,Moscow,Oslo,1644
Russia,Poland,Moscow,Warsaw,1151
Russia,Ukraine,Moscow,Kyiv,756
San Marino,Italy,San Marino,Rome,227
Serbia,Bosnia and Herzegovina,Belgrade,Sarajevo,193
Serbia,Bulgaria,Belgrade,Sofia,329
Serbia,Croatia,Belgrade,Zagreb,368
Serbia,Hungary,Belgrade,Budapest,318
Serbia,Kosovo,Belgrade,Prishtina,246
Serbia,Montenegro,Belgrade,Podgorica,281
Serbia,North Macedonia,Belgrade,Skopje,323
Serbia,Romania,Belgrade,Bucharest,448
Slovakia,Austria,Bratislava,Vienna,55
Slovakia,Czech Republic,Bratislava,Prague,291
Slovakia,Hungary,Bratislava,Budapest,161
Slovakia,Poland,Bratislava,Warsaw,532
Slovakia,Ukraine,Bratislava,Kyiv,1004
Slovenia,Austria,Ljubljana,Vienna,278
Slovenia,Croatia,Ljubljana,Zagreb,117
Slovenia,Hungary,Ljubljana,Budapest,381
Slovenia,Italy,Ljubljana,Rome,489
Spain,Andorra,Madrid,Andorra la Vella,493
Spain,France,Madrid,Paris,1052
Spain,Portugal,Madrid,Lisbon,503
Sweden,Denmark,Stockholm,Copenhagen,522
Sweden,Finland,Stockholm,Helsinki,397
Sweden,Norway,Stockholm,Oslo,417
Switzerland,Austria,Bern,Vienna,684
Switzerland,France,Bern,Paris,435
Switzerland,Germany,Bern,Berlin,751
Switzerland,Italy,Bern,Rome,689
Switzerland,Liechtenstein,Bern,Vaduz,159
Turkey,Armenia,Ankara,Yerevan,992
Turkey,Azerbaijan,Ankara,Baku,1442
Turkey,Bulgaria,Ankara,Sofia,853
Turkey,Georgia,Ankara,Tbilisi,1024
Turkey,Greece,Ankara,Athens,817
Ukraine,Belarus,Kyiv,Minsk,434
Ukraine,Hungary,Kyiv,Budapest,899
Ukraine,Moldova,Kyiv,Chisinau,401
Ukraine,Poland,Kyiv,Warsaw,690
Ukraine,Romania,Kyiv,Bucharest,747
Ukraine,Russia,Kyiv,Moscow,756
Ukraine,Slovakia,Kyiv,Bratislava,1004
United Kingdom,France,London,Paris,344
United Kingdom,Ireland,London,Dublin,463
Vatican City,Italy,Vatican City,Rome,2
